SNO,NAME,ORDER_DATE,ORDER_ID,ORDER_PRICE
1,Troy White,2025-03-14,5503,69
2,Michelle Joseph,2024-12-01,3832,326
3,Juan Hayes,2024-09-21,8298,287
4,Michael Lopez,2024-06-04,5503,456
5,Melanie Foster,2024-10-09,5453,49
6,Jon King,2025-03-26,8298,98
7,Tracy Hernandez,2024-09-23,9617,150
8,Robert Moore,2024-08-24,1232,43
9,Jenna Mason,2024-06-30,5453,62
10,Dylan Nelson,2024-10-18,2794,33
11,Amanda Myers,2024-10-21,2480,418
12,Meghan Crawford,2024-06-25,1265,307
13,Natalie Hill,2025-02-07,2667,219
14,Alexis Owens,2025-03-22,5453,215
15,Jasmin Rivera,2024-12-07,5856,438
16,Peter Bell,2024-08-19,2667,322
17,Ashley Osborne,2025-01-07,2038,73
18,Ms. Cindy Schaefer,2024-09-22,2935,214
19,Kenneth Phillips,2024-05-19,8298,158
20,Melvin Smith,2025-01-23,1265,268
21,Michael Lamb,2024-04-30,8418,142
22,Taylor Bonilla,2024-08-20,5856,326
23,Dan Williams,2024-10-03,1265,129
24,Gregory Hoffman,2024-04-03,2038,225
25,William Taylor,2024-05-20,2480,220
26,Jerry Michael,2024-11-29,9617,210
27,Amy Lewis,2025-01-16,3832,362
28,Zachary Walker,2024-12-11,9538,409
29,Taylor Mejia,2024-11-13,3832,495
30,Dustin Davis,2024-04-23,1265,16
31,Jeffery Williams,2025-02-27,5856,244
32,Raven Smith,2024-12-21,2935,135
33,Glenn Yu,2024-08-07,9538,278
34,Cheryl Vincent,2024-04-11,1265,365
35,Christopher Moore,2025-03-14,5553,173
36,Eric King,2024-09-09,5950,204
37,Brittany Robinson,2025-02-06,1717,170
38,William Castro,2025-02-20,2935,299
39,Diana Ruiz,2024-04-02,5856,345
40,Stacey Pratt,2025-02-04,1232,443
41,Dustin Lee,2025-01-16,2038,126
42,Gloria Velasquez,2025-03-01,1717,373
43,Brandon Rivera,2024-05-08,1232,13
44,Stacey Smith,2024-10-19,2794,259
45,Joshua Sullivan,2024-09-08,5950,468
46,Amanda Mccarthy,2024-04-22,5856,214
47,Sandy Cline,2024-06-03,8298,357
48,Brittany Wheeler,2025-01-27,3832,195
49,Crystal Smith,2024-06-14,1315,122
50,Gregory Lawson,2025-02-13,8418,207
51,Joel Ritter,2024-03-29,9538,421
52,Nathaniel Williams,2024-11-21,1232,330
53,Nicole Rhodes,2024-12-29,5950,374
54,Amber Macias,2024-12-03,8196,219
55,Samantha Stewart,2024-12-25,1315,399
56,Gabriel Carr,2024-09-08,3832,212
57,Michelle Goodwin,2025-01-23,5856,50
58,Julia Wilson,2025-02-09,5453,439
59,Donald Wilkinson,2024-09-04,5950,158
60,Angela Moreno,2024-07-29,3832,410
61,Tracie Reyes,2024-06-06,5503,449
62,Adam Kent,2024-04-13,1232,246
63,Faith Glenn,2024-05-29,5856,420
64,Andrea West,2024-07-20,5453,93
65,Amy Schroeder,2024-04-20,8196,168
66,Darrell Moreno,2024-05-15,8418,308
67,Kathleen Carter,2024-09-05,9538,152
68,Jose Howard,2024-06-03,1315,238
69,Devin Wong,2024-10-01,2935,362
70,Crystal Mitchell,2024-09-04,5950,326
71,Anthony Richards,2024-10-01,5553,176
72,Katie Mata,2024-06-04,8298,120
73,Lisa Pierce,2024-03-30,8298,437
74,Michael Vasquez,2024-08-20,2480,204
75,Claire Kelley,2025-01-22,1717,59
76,Chad Becker,2024-04-21,5453,185
77,Anthony Zamora,2024-11-25,2480,242
78,Debra Reynolds,2024-05-31,2667,297
79,John Byrd,2024-10-16,9617,54
80,Dr. Gina Frank,2024-12-24,1265,238
81,Jennifer Ball,2024-07-27,2667,230
82,Mr. Ryan Davis MD,2025-01-29,2794,470
83,Sean Jones,2024-05-19,3832,243
84,Mrs. Rachel Dominguez MD,2024-07-03,9617,281
85,Donna Dudley,2024-07-10,1315,378
86,Lori Olsen,2024-08-31,5553,106
87,John Sandoval,2024-05-09,8298,324
88,James Shaw,2024-10-08,1717,453
89,Dr. Kristie Greene,2024-11-28,5453,270
90,Andrew Best,2024-12-10,8196,359
91,Jesse Powers,2024-06-13,2480,431
92,Nancy Gonzalez,2024-04-09,9538,225
93,Natalie Mckee,2025-02-07,2667,55
94,Richard Alvarado,2024-09-03,5453,124
95,Trevor Wood,2024-04-03,2480,362
96,Stacey Baker,2025-03-01,8418,63
97,Lindsay Steele,2025-01-30,5503,441
98,Amanda Ramsey,2025-02-27,8196,298
99,Isabella Smith,2024-12-30,5503,59
100,Dana Barton,2024-09-23,5950,497
